<?xml version="1.0" encoding="UTF-8"?>
<GenRun Id="impl_1" LaunchPart="xc7z010clg400-1" LaunchTime="1475940619">
  <File Type="PWROPT-DCP" Name="adder_pwropt.dcp"/>
  <File Type="RUN-CONSTRS" Name="$PDATADIR/runs/impl_1/constrs_in.xml"/>
  <File Type="POSTROUTE-PHYSOPT-TIMING-PB" Name="adder_timing_summary_postroute_physopted.pb"/>
  <File Type="PA-DCP" Name="adder.dcp"/>
  <File Type="RUN-SRCS" Name="$PDATADIR/runs/impl_1/sources.xml"/>
  <File Type="PWROPT-DRC" Name="adder_drc_pwropted.rpt"/>
  <File Type="ROUTE-TIMINGSUMMARY" Name="adder_timing_summary_routed.rpt"/>
  <File Type="PA-TCL" Name="adder.tcl"/>
  <File Type="RUN-STRAT" Name="$PDATADIR/runs/impl_1/impl_1.psg"/>
  <File Type="OPT-DCP" Name="adder_opt.dcp"/>
  <File Type="OPT-DRC" Name="adder_drc_opted.rpt"/>
  <File Type="PLACE-DCP" Name="adder_placed.dcp"/>
  <File Type="PLACE-IO" Name="adder_io_placed.rpt"/>
  <File Type="PLACE-CLK" Name="adder_clock_utilization_placed.rpt"/>
  <File Type="PLACE-UTIL" Name="adder_utilization_placed.rpt"/>
  <File Type="PLACE-UTIL-PB" Name="adder_utilization_placed.pb"/>
  <File Type="PLACE-CTRL" Name="adder_control_sets_placed.rpt"/>
  <File Type="PLACE-SIMILARITY" Name="adder_incremental_reuse_placed.rpt"/>
  <File Type="PLACE-PRE-SIMILARITY" Name="adder_incremental_reuse_pre_placed.rpt"/>
  <File Type="POSTPLACE-PWROPT-DCP" Name="adder_postplace_pwropt.dcp"/>
  <File Type="PHYSOPT-DCP" Name="adder_physopt.dcp"/>
  <File Type="PHYSOPT-DRC" Name="adder_drc_physopted.rpt"/>
  <File Type="ROUTE-DCP" Name="adder_routed.dcp"/>
  <File Type="ROUTE-DRC" Name="adder_drc_routed.rpt"/>
  <File Type="ROUTE-DRC-PB" Name="adder_drc_routed.pb"/>
  <File Type="ROUTE-PWR" Name="adder_power_routed.rpt"/>
  <File Type="ROUTE-PWR-SUM" Name="adder_power_summary_routed.pb"/>
  <File Type="ROUTE-STATUS" Name="adder_route_status.rpt"/>
  <File Type="ROUTE-STATUS-PB" Name="adder_route_status.pb"/>
  <File Type="ROUTE-TIMING-PB" Name="adder_timing_summary_routed.pb"/>
  <File Type="ROUTE-TIMING-RPX" Name="adder_timing_summary_routed.rpx"/>
  <File Type="ROUTE-SIMILARITY" Name="adder_incremental_reuse_routed.rpt"/>
  <File Type="POSTROUTE-PHYSOPT-DCP" Name="adder_postroute_physopt.dcp"/>
  <File Type="RDI-RDI" Name="adder.vdi"/>
  <File Type="POSTROUTE-PHYSOPT-TIMING" Name="adder_timing_summary_postroute_physopted.rpt"/>
  <File Type="POSTROUTE-PHYSOPT-TIMING-RPX" Name="adder_timing_summary_postroute_physopted.rpx"/>
  <File Type="BG-BIT" Name="adder.bit"/>
  <File Type="BG-BIN" Name="adder.bin"/>
  <File Type="BITSTR-MSK" Name="adder.msk"/>
  <File Type="BITSTR-RBT" Name="adder.rbt"/>
  <File Type="BITSTR-NKY" Name="adder.nky"/>
  <File Type="BITSTR-BMM" Name="adder_bd.bmm"/>
  <File Type="BITSTR-MMI" Name="adder.mmi"/>
  <File Type="BITSTR-SYSDEF" Name="adder.sysdef"/>
  <File Type="BG-BGN" Name="adder.bgn"/>
  <File Type="BG-DRC" Name="adder.drc"/>
  <File Type="WBT-USG" Name="usage_statistics_webtalk.html"/>
  <FileSet Name="sources" Type="DesignSrcs" RelSrcDir="$PSRCDIR/sources_1">
    <Filter Type="Srcs"/>
    <File Path="$PPRDIR/adder_adder_io_s_axi.v">
      <FileInfo>
        <Attr Name="UsedIn" Val="synthesis"/>
        <Attr Name="UsedIn" Val="implementation"/>
        <Attr Name="UsedIn" Val="simulation"/>
      </FileInfo>
    </File>
    <File Path="$PPRDIR/adder.v">
      <FileInfo>
        <Attr Name="UsedIn" Val="synthesis"/>
        <Attr Name="UsedIn" Val="implementation"/>
        <Attr Name="UsedIn" Val="simulation"/>
      </FileInfo>
    </File>
    <Config>
      <Option Name="DesignMode" Val="RTL"/>
      <Option Name="TopModule" Val="adder"/>
      <Option Name="TopAutoSet" Val="TRUE"/>
    </Config>
  </FileSet>
  <FileSet Name="constrs_in" Type="Constrs" RelSrcDir="$PSRCDIR/constrs_1">
    <Filter Type="Constrs"/>
    <File Path="$PPRDIR/adder.xdc">
      <FileInfo>
        <Attr Name="UsedIn" Val="synthesis"/>
        <Attr Name="UsedIn" Val="implementation"/>
      </FileInfo>
    </File>
    <Config>
      <Option Name="ConstrsType" Val="XDC"/>
    </Config>
  </FileSet>
  <Strategy Version="1" Minor="2">
    <StratHandle Name="Vivado Implementation Defaults" Flow="Vivado Implementation 2014">
      <Desc>Vivado Implementation Defaults</Desc>
    </StratHandle>
    <Step Id="init_design"/>
    <Step Id="opt_design"/>
    <Step Id="power_opt_design"/>
    <Step Id="place_design"/>
    <Step Id="post_place_power_opt_design"/>
    <Step Id="phys_opt_design" EnableStepBool="1"/>
    <Step Id="route_design"/>
    <Step Id="post_route_phys_opt_design"/>
    <Step Id="write_bitstream"/>
  </Strategy>
</GenRun>
