<stg><name>adder</name>


<trans_list>

<trans id="18" from="1" to="2">
<condition id="2">
<or_exp><and_exp></and_exp></or_exp>
</condition>
</trans>
</trans_list>



<state_list>

<state id="1" st_id="1">

<operation id="3" st_id="1" stage="1" lat="1">
<core>s_axilite</core>
<MemPortIdVec></MemPortIdVec>
<condition id="0">
<or_exp><and_exp></and_exp></or_exp>
</condition>

<node id="8" bw="32" op_0_bw="32" op_1_bw="32">
<![CDATA[
:4  %b_read = call i32 @_ssdm_op_Read.s_axilite.i32(i32 %b) nounwind

]]></node>
<StgValue><ssdm name="b_read"/></StgValue>
</operation>

<operation id="4" st_id="1" stage="1" lat="1">
<core>s_axilite</core>
<MemPortIdVec></MemPortIdVec>
<condition id="0">
<or_exp><and_exp></and_exp></or_exp>
</condition>

<node id="9" bw="32" op_0_bw="32" op_1_bw="32">
<![CDATA[
:5  %a_read = call i32 @_ssdm_op_Read.s_axilite.i32(i32 %a) nounwind

]]></node>
<StgValue><ssdm name="a_read"/></StgValue>
</operation>

<operation id="5" st_id="1" stage="1" lat="1">
<core>AddSub</core>
<MemPortIdVec></MemPortIdVec>
<condition id="0">
<or_exp><and_exp></and_exp></or_exp>
</condition>

<node id="15" bw="32" op_0_bw="32" op_1_bw="32">
<![CDATA[
:11  %c_assign = add nsw i32 %b_read, %a_read

]]></node>
<StgValue><ssdm name="c_assign"/></StgValue>
</operation>

<operation id="6" st_id="1" stage="2" lat="2">
<core>NULL</core>
<MemPortIdVec></MemPortIdVec>
<condition id="0">
<or_exp><and_exp></and_exp></or_exp>
</condition>

<node id="16" bw="0" op_0_bw="0" op_1_bw="32" op_2_bw="32">
<![CDATA[
:12  call void @_ssdm_op_Write.ap_none.i32P(i32* %c, i32 %c_assign) nounwind

]]></node>
<StgValue><ssdm name=""/></StgValue>
</operation>
</state>

<state id="2" st_id="2">

<operation id="7" st_id="2" stage="1" lat="1">
<core>NULL</core>
<MemPortIdVec></MemPortIdVec>
<condition id="1">
<or_exp><and_exp></and_exp></or_exp>
</condition>

<node id="4" bw="0" op_0_bw="0" op_1_bw="32">
<![CDATA[
:0  call void (...)* @_ssdm_op_SpecBitsMap(i32 %a) nounwind, !map !0

]]></node>
<StgValue><ssdm name=""/></StgValue>
</operation>

<operation id="8" st_id="2" stage="1" lat="1">
<core>NULL</core>
<MemPortIdVec></MemPortIdVec>
<condition id="1">
<or_exp><and_exp></and_exp></or_exp>
</condition>

<node id="5" bw="0" op_0_bw="0" op_1_bw="32">
<![CDATA[
:1  call void (...)* @_ssdm_op_SpecBitsMap(i32 %b) nounwind, !map !6

]]></node>
<StgValue><ssdm name=""/></StgValue>
</operation>

<operation id="9" st_id="2" stage="1" lat="1">
<core>NULL</core>
<MemPortIdVec></MemPortIdVec>
<condition id="1">
<or_exp><and_exp></and_exp></or_exp>
</condition>

<node id="6" bw="0" op_0_bw="0" op_1_bw="32">
<![CDATA[
:2  call void (...)* @_ssdm_op_SpecBitsMap(i32* %c) nounwind, !map !10

]]></node>
<StgValue><ssdm name=""/></StgValue>
</operation>

<operation id="10" st_id="2" stage="1" lat="1">
<core>NULL</core>
<MemPortIdVec></MemPortIdVec>
<condition id="1">
<or_exp><and_exp></and_exp></or_exp>
</condition>

<node id="7" bw="0" op_0_bw="0" op_1_bw="8">
<![CDATA[
:3  call void (...)* @_ssdm_op_SpecTopModule([6 x i8]* @str) nounwind

]]></node>
<StgValue><ssdm name=""/></StgValue>
</operation>

<operation id="11" st_id="2" stage="1" lat="1">
<core>NULL</core>
<MemPortIdVec></MemPortIdVec>
<condition id="1">
<or_exp><and_exp></and_exp></or_exp>
</condition>

<node id="10" bw="0" op_0_bw="0" op_1_bw="32" op_2_bw="8" op_3_bw="32" op_4_bw="32" op_5_bw="32" op_6_bw="32" op_7_bw="8" op_8_bw="8" op_9_bw="8">
<![CDATA[
:6  call void (...)* @_ssdm_op_SpecInterface(i32* %c, [8 x i8]* @p_str, i32 1, i32 1, i32 0, i32 0, [1 x i8]* @p_str1, [1 x i8]* @p_str1, [1 x i8]* @p_str1) nounwind

]]></node>
<StgValue><ssdm name=""/></StgValue>
</operation>

<operation id="12" st_id="2" stage="1" lat="1">
<core>NULL</core>
<MemPortIdVec></MemPortIdVec>
<condition id="1">
<or_exp><and_exp></and_exp></or_exp>
</condition>

<node id="11" bw="0" op_0_bw="0" op_1_bw="32" op_2_bw="8" op_3_bw="32" op_4_bw="32" op_5_bw="32" op_6_bw="32" op_7_bw="8" op_8_bw="8" op_9_bw="8">
<![CDATA[
:7  call void (...)* @_ssdm_op_SpecInterface(i32* %c, [10 x i8]* @p_str2, i32 0, i32 0, i32 0, i32 0, [9 x i8]* @p_str3, [1 x i8]* @p_str1, [1 x i8]* @p_str1) nounwind

]]></node>
<StgValue><ssdm name=""/></StgValue>
</operation>

<operation id="13" st_id="2" stage="1" lat="1">
<core>NULL</core>
<MemPortIdVec></MemPortIdVec>
<condition id="1">
<or_exp><and_exp></and_exp></or_exp>
</condition>

<node id="12" bw="0" op_0_bw="0" op_1_bw="32" op_2_bw="8" op_3_bw="32" op_4_bw="32" op_5_bw="32" op_6_bw="32" op_7_bw="8" op_8_bw="8" op_9_bw="8">
<![CDATA[
:8  call void (...)* @_ssdm_op_SpecInterface(i32 %b, [10 x i8]* @p_str2, i32 0, i32 0, i32 0, i32 0, [9 x i8]* @p_str3, [1 x i8]* @p_str1, [1 x i8]* @p_str1) nounwind

]]></node>
<StgValue><ssdm name=""/></StgValue>
</operation>

<operation id="14" st_id="2" stage="1" lat="1">
<core>NULL</core>
<MemPortIdVec></MemPortIdVec>
<condition id="1">
<or_exp><and_exp></and_exp></or_exp>
</condition>

<node id="13" bw="0" op_0_bw="0" op_1_bw="32" op_2_bw="8" op_3_bw="32" op_4_bw="32" op_5_bw="32" op_6_bw="32" op_7_bw="8" op_8_bw="8" op_9_bw="8">
<![CDATA[
:9  call void (...)* @_ssdm_op_SpecInterface(i32 %a, [10 x i8]* @p_str2, i32 0, i32 0, i32 0, i32 0, [9 x i8]* @p_str3, [1 x i8]* @p_str1, [1 x i8]* @p_str1) nounwind

]]></node>
<StgValue><ssdm name=""/></StgValue>
</operation>

<operation id="15" st_id="2" stage="1" lat="1">
<core>NULL</core>
<MemPortIdVec></MemPortIdVec>
<condition id="1">
<or_exp><and_exp></and_exp></or_exp>
</condition>

<node id="14" bw="0" op_0_bw="0" op_1_bw="32" op_2_bw="8" op_3_bw="32" op_4_bw="32" op_5_bw="32" op_6_bw="32" op_7_bw="8" op_8_bw="8" op_9_bw="8">
<![CDATA[
:10  call void (...)* @_ssdm_op_SpecInterface(i32 0, [10 x i8]* @p_str2, i32 0, i32 0, i32 0, i32 0, [9 x i8]* @p_str3, [1 x i8]* @p_str1, [1 x i8]* @p_str1) nounwind

]]></node>
<StgValue><ssdm name=""/></StgValue>
</operation>

<operation id="16" st_id="2" stage="1" lat="2">
<core>NULL</core>
<MemPortIdVec></MemPortIdVec>
<condition id="1">
<or_exp><and_exp></and_exp></or_exp>
</condition>

<node id="16" bw="0" op_0_bw="0" op_1_bw="32" op_2_bw="32">
<![CDATA[
:12  call void @_ssdm_op_Write.ap_none.i32P(i32* %c, i32 %c_assign) nounwind

]]></node>
<StgValue><ssdm name=""/></StgValue>
</operation>

<operation id="17" st_id="2" stage="1" lat="1">
<core>NULL</core>
<MemPortIdVec></MemPortIdVec>
<condition id="1">
<or_exp><and_exp></and_exp></or_exp>
</condition>

<node id="17" bw="0">
<![CDATA[
:13  ret void

]]></node>
<StgValue><ssdm name=""/></StgValue>
</operation>
</state>
</state_list>


<ports>
</ports>


<dataflows>
</dataflows>


</stg>
