<profile>

<section name = "Vivado HLS Report for 'adder'" level="0">
<item name = "Date">Sat Oct 08 20:22:00 2016
</item>
<item name = "Version">2014.4 (Build 1071461 on Tue Nov 18 16:42:57 PM 2014)</item>
<item name = "Project">adder</item>
<item name = "Solution">solution1</item>
<item name = "Product family">zynq</item>
<item name = "Target device">xc7z010clg400-1</item>
</section>

<section name = "Performance Estimates" level="0">
<item name = "Timing (ns)">
<section name = "" level="1">
<item name = "Summary"><table name="" hasTotal="0">
<keys size="4">Clock, Target, Estimated, Uncertainty</keys>
<column name="default">10.00, 3.44, 1.25</column>
</table>
</item>
</section>
</item>
<item name = "Latency (clock cycles)">
<section name = "" level="1">
<item name = "Summary"><table name="" hasTotal="0">
<keys size="6">, min, max, min, max, Type</keys>
<column name="">1, 1, 2, 2, none</column>
</table>
</item>
<item name = "Detail">
<section name = "" level="1">
<item name = "Instance"><table name="" hasTotal="0">
<keys size="7">Instance, Module, min, max, min, max, Type</keys>
</table>
</item>
<item name = "Loop"><table name="" hasTotal="0">
<keys size="8">Loop Name, min, max, Latency, achieved, target, Count, Pipelined</keys>
</table>
</item>
</section>
</item>
</section>
</item>
</section>

<section name = "Utilization Estimates" level="0">
<item name = "Summary"><table name="" hasTotal="1">
<keys size="5">Name, BRAM_18K, DSP48E, FF, LUT</keys>
<column name="Expression">-, -, 0, 32</column>
<column name="FIFO">-, -, -, -</column>
<column name="Instance">0, -, 150, 232</column>
<column name="Memory">-, -, -, -</column>
<column name="Multiplexer">-, -, -, 1</column>
<column name="Register">-, -, 34, -</column>
<specialColumn name="Available">120, 80, 35200, 17600</specialColumn>
<specialColumn name="Utilization (%)">0, 0, ~0, 1</specialColumn>
</table>
</item>
<item name = "Detail">
<section name = "" level="1">
<item name = "Instance"><table name="" hasTotal="1">
<keys size="6">Instance, Module, BRAM_18K, DSP48E, FF, LUT</keys>
<column name="adder_adder_io_s_axi_U">adder_adder_io_s_axi, 0, 0, 150, 232</column>
</table>
</item>
<item name = "Memory"><table name="" hasTotal="1">
<keys size="9">Memory, Module, BRAM_18K, FF, LUT, Words, Bits, Banks, W*Bits*Banks</keys>
</table>
</item>
<item name = "FIFO"><table name="" hasTotal="1">
<keys size="7">Name, BRAM_18K, FF, LUT, Depth, Bits, Size:D*B</keys>
</table>
</item>
<item name = "Expression"><table name="" hasTotal="1">
<keys size="7">Variable Name, Operation, DSP48E, FF, LUT, Bitwidth P0, Bitwidth P1</keys>
<column name="c_assign_fu_50_p2">+, 0, 0, 32, 32, 32</column>
</table>
</item>
<item name = "Multiplexer"><table name="" hasTotal="1">
<keys size="5">Name, LUT, Input Size, Bits, Total Bits</keys>
<column name="ap_NS_fsm">1, 3, 1, 3</column>
</table>
</item>
<item name = "Register"><table name="" hasTotal="1">
<keys size="5">Name, FF, LUT, Bits, Const Bits</keys>
<column name="ap_CS_fsm">2, 0, 2, 0</column>
<column name="c_1_data_reg">32, 0, 32, 0</column>
<column name="c_1_vld_reg">0, 0, 1, 1</column>
</table>
</item>
</section>
</item>
</section>

<section name = "Interface" level="0">
<item name = "Summary"><table name="" hasTotal="0">
<keys size="6">RTL Ports, Dir, Bits, Protocol, Source Object, C Type</keys>
<column name="s_axi_adder_io_AWVALID">in, 1, s_axi, adder_io, pointer</column>
<column name="s_axi_adder_io_AWREADY">out, 1, s_axi, adder_io, pointer</column>
<column name="s_axi_adder_io_AWADDR">in, 6, s_axi, adder_io, pointer</column>
<column name="s_axi_adder_io_WVALID">in, 1, s_axi, adder_io, pointer</column>
<column name="s_axi_adder_io_WREADY">out, 1, s_axi, adder_io, pointer</column>
<column name="s_axi_adder_io_WDATA">in, 32, s_axi, adder_io, pointer</column>
<column name="s_axi_adder_io_WSTRB">in, 4, s_axi, adder_io, pointer</column>
<column name="s_axi_adder_io_ARVALID">in, 1, s_axi, adder_io, pointer</column>
<column name="s_axi_adder_io_ARREADY">out, 1, s_axi, adder_io, pointer</column>
<column name="s_axi_adder_io_ARADDR">in, 6, s_axi, adder_io, pointer</column>
<column name="s_axi_adder_io_RVALID">out, 1, s_axi, adder_io, pointer</column>
<column name="s_axi_adder_io_RREADY">in, 1, s_axi, adder_io, pointer</column>
<column name="s_axi_adder_io_RDATA">out, 32, s_axi, adder_io, pointer</column>
<column name="s_axi_adder_io_RRESP">out, 2, s_axi, adder_io, pointer</column>
<column name="s_axi_adder_io_BVALID">out, 1, s_axi, adder_io, pointer</column>
<column name="s_axi_adder_io_BREADY">in, 1, s_axi, adder_io, pointer</column>
<column name="s_axi_adder_io_BRESP">out, 2, s_axi, adder_io, pointer</column>
<column name="ap_clk">in, 1, ap_ctrl_hs, adder, return value</column>
<column name="ap_rst_n">in, 1, ap_ctrl_hs, adder, return value</column>
<column name="interrupt">out, 1, ap_ctrl_hs, adder, return value</column>
</table>
</item>
</section>
</profile>
