<stg><name>adder</name>


<trans_list>

<trans id="18" from="1" to="2">
<condition id="2">
<or_exp><and_exp></and_exp></or_exp>
</condition>
</trans>
</trans_list>



<state_list>

<state id="1" st_id="1">

<operation id="3" st_id="1" stage="1" lat="1">
<core>s_axilite</core>
<MemPortIdVec></MemPortIdVec>
<condition id="0">
<or_exp><and_exp></and_exp></or_exp>
</condition>

<node id="8" bw="32" op_0_bw="32" op_1_bw="32">
<![CDATA[
:4  %b_read = call i32 @_ssdm_op_Read.s_axilite.i32(i32 %b) nounwind

]]></node>
<StgValue><ssdm name="b_read"/></StgValue>
</operation>

<operation id="4" st_id="1" stage="1" lat="1">
<core>s_axilite</core>
<MemPortIdVec></MemPortIdVec>
<condition id="0">
<or_exp><and_exp></and_exp></or_exp>
</condition>

<node id="9" bw="32" op_0_bw="32" op_1_bw="32">
<![CDATA[
:5  %a_read = call i32 @_ssdm_op_Read.s_axilite.i32(i32 %a) nounwind

]]></node>
<StgValue><ssdm name="a_read"/></StgValue>
</operation>

<operation id="5" st_id="1" stage="1" lat="1">
<core>AddSub</core>
<MemPortIdVec></MemPortIdVec>
<condition id="0">
<or_exp><and_exp></and_exp></or_exp>
</condition>

<node id="15" bw="32" op_0_bw="32" op_1_bw="32">
<![CDATA[
:11  %c_assign = add nsw i32 %b_read, %a_read

]]></node>
<StgValue><ssdm name="c_assign"/></StgValue>
</operation>

<operation id="6" st_id="1" stage="2" lat="2">
<core>NULL</core>
<MemPortIdVec></MemPortIdVec>
<condition id="0">
<or_exp><and_exp></and_exp></or_exp>
</condition>

<node id="16" bw="0" op_0_bw="0" op_1_bw="32" op_2_bw="32">
<![CDATA[
:12  call void @_ssdm_op_Write.ap_none.i32P(i32* %c, i32 %c_assign) nounwind

]]></node>
<StgValue><ssdm name=""/></StgValue>
</operation>
</state>

<state id="2" st_id="2">

<operation id="7" st_id="2" stage="1" lat="1">
<core>NULL</core>
<MemPortIdVec></MemPortIdVec>
<condition id="1">
<or_exp><and_exp></and_exp></or_exp>
</condition>

<node id="4" bw="0" op_0_bw="0" op_1_bw="32">
<![CDATA[
:0  call void (...)* @_ssdm_op_SpecBitsMap(i32 %a) nounwind, !map !0

]]></node>
<StgValue><ssdm name=""/></StgValue>
</operation>

<operation id="8" st_id="2" stage="1" lat="1">
<core>NULL</core>
<MemPortIdVec></MemPortIdVec>
<condition id="1">
<or_exp><and_exp></and_exp></or_exp>
</condition>

<node id="5" bw="0" op_0_bw="0" op_1_bw="32">
<![CDATA[
:1  call void (...)* @_ssdm_op_SpecBitsMap(i32 %b) nounwind, !map !6

]]></node>
<StgValue><ssdm name=""/></StgValue>
</operation>

<operation id="9" st_id="2" stage="1" lat="1">
<core>NULL</core>
<MemPortIdVec></MemPortIdVec>
<condition id="1">
<or_exp><and_exp></and_exp></or_exp>
</condition>

<node id="6" bw="0" op_0_bw="0" op_1_bw="32">
<![CDATA[
:2  call void (...)* @_ssdm_op_SpecBitsMap(i32* %c) nounwind, !map !10

]]></node>
<StgValue><ssdm name=""/></StgValue>
</operation>

<operation id="10" st_id="2" stage="1" lat="1">
<core>NULL</core>
<MemPortIdVec></MemPortIdVec>
<condition id="1">
<or_exp><and_exp></and_exp></or_exp>
</condition>

<node id="7" bw="0" op_0_bw="0" op_1_bw="8">
<![CDATA[
:3  call void (...)* @_ssdm_op_SpecTopModule([6 x i8]* @str) nounwind

]]></node>
<StgValue><ssdm name=""/></StgValue>
</operation>

<operation id="11" st_id="2" stage="1" lat="1">
<core>NULL</core>
<MemPortIdVec></MemPortIdVec>
<condition id="1">
<or_exp><and_exp></and_exp></or_exp>
</condition>

<node id="10" bw="0" op_0_bw="0" op_1_bw="32" op_2_bw="8" op_3_bw="32" op_4_bw="32" op_5_bw="32" op_6_bw="32" op_7_bw="8" op_8_bw="8" op_9_bw="8">
<![CDATA[
:6  call void (...)* @_ssdm_op_SpecInterface(i32* %c, [8 x i8]* @p_str, i32 1, i32 1, i32 0, i32 0, [1 x i8]* @p_str1, [1 x i8]* @p_str1, [1 x i8]* @p_str1) nounwind

]]></node>
<StgValue><ssdm name=""/></StgValue>
</operation>

<operation id="12" st_id="2" stage="1" lat="1">
<core>NULL</core>
<MemPortIdVec></MemPortIdVec>
<condition id="1">
<or_exp><and_exp></and_exp></or_exp>
</condition>

<node id="11" bw="0" op_0_bw="0" op_1_bw="32" op_2_bw="8" op_3_bw="32" op_4_bw="32" op_5_bw="32" op_6_bw="32" op_7_bw="8" op_8_bw="8" op_9_bw="8">
<![CDATA[
:7  call void (...)* @_ssdm_op_SpecInterface(i32* %c, [10 x i8]* @p_str2, i32 0, i32 0, i32 0, i32 0, [9 x i8]* @p_str3, [1 x i8]* @p_str1, [1 x i8]* @p_str1) nounwind

]]></node>
<StgValue><ssdm name=""/></StgValue>
</operation>

<operation id="13" st_id="2" stage="1" lat="1">
<core>NULL</core>
<MemPortIdVec></MemPortIdVec>
<condition id="1">
<or_exp><and_exp></and_exp></or_exp>
</condition>

<node id="12" bw="0" op_0_bw="0" op_1_bw="32" op_2_bw="8" op_3_bw="32" op_4_bw="32" op_5_bw="32" op_6_bw="32" op_7_bw="8" op_8_bw="8" op_9_bw="8">
<![CDATA[
:8  call void (...)* @_ssdm_op_SpecInterface(i32 %b, [10 x i8]* @p_str2, i32 0, i32 0, i32 0, i32 0, [9 x i8]* @p_str3, [1 x i8]* @p_str1, [1 x i8]* @p_str1) nounwind

]]></node>
<StgValue><ssdm name=""/></StgValue>
</operation>

<operation id="14" st_id="2" stage="1" lat="1">
<core>NULL</core>
<MemPortIdVec></MemPortIdVec>
<condition id="1">
<or_exp><and_exp></and_exp></or_exp>
</condition>

<node id="13" bw="0" op_0_bw="0" op_1_bw="32" op_2_bw="8" op_3_bw="32" op_4_bw="32" op_5_bw="32" op_6_bw="32" op_7_bw="8" op_8_bw="8" op_9_bw="8">
<![CDATA[
:9  call void (...)* @_ssdm_op_SpecInterface(i32 %a, [10 x i8]* @p_str2, i32 0, i32 0, i32 0, i32 0, [9 x i8]* @p_str3, [1 x i8]* @p_str1, [1 x i8]* @p_str1) nounwind

]]></node>
<StgValue><ssdm name=""/></StgValue>
</operation>

<operation id="15" st_id="2" stage="1" lat="1">
<core>NULL</core>
<MemPortIdVec></MemPortIdVec>
<condition id="1">
<or_exp><and_exp></and_exp></or_exp>
</condition>

<node id="14" bw="0" op_0_bw="0" op_1_bw="32" op_2_bw="8" op_3_bw="32" op_4_bw="32" op_5_bw="32" op_6_bw="32" op_7_bw="8" op_8_bw="8" op_9_bw="8">
<![CDATA[
:10  call void (...)* @_ssdm_op_SpecInterface(i32 0, [10 x i8]* @p_str2, i32 0, i32 0, i32 0, i32 0, [9 x i8]* @p_str3, [1 x i8]* @p_str1, [1 x i8]* @p_str1) nounwind

]]></node>
<StgValue><ssdm name=""/></StgValue>
</operation>

<operation id="16" st_id="2" stage="1" lat="2">
<core>NULL</core>
<MemPortIdVec></MemPortIdVec>
<condition id="1">
<or_exp><and_exp></and_exp></or_exp>
</condition>

<node id="16" bw="0" op_0_bw="0" op_1_bw="32" op_2_bw="32">
<![CDATA[
:12  call void @_ssdm_op_Write.ap_none.i32P(i32* %c, i32 %c_assign) nounwind

]]></node>
<StgValue><ssdm name=""/></StgValue>
</operation>

<operation id="17" st_id="2" stage="1" lat="1">
<core>NULL</core>
<MemPortIdVec></MemPortIdVec>
<condition id="1">
<or_exp><and_exp></and_exp></or_exp>
</condition>

<node id="17" bw="0">
<![CDATA[
:13  ret void

]]></node>
<StgValue><ssdm name=""/></StgValue>
</operation>
</state>
</state_list>


<ports>
<port id="19" name="a" dir="0" iftype="0">
<core>NULL</core><StgValue><ssdm name="a"/></StgValue>
</port>
<port id="20" name="b" dir="0" iftype="0">
<core>NULL</core><StgValue><ssdm name="b"/></StgValue>
</port>
<port id="21" name="c" dir="1" iftype="0">
<core>NULL</core><StgValue><ssdm name="c"/></StgValue>
</port>
</ports>


<dataflows>
<dataflow id="23" from="_ssdm_op_Read.s_axilite.i32" to="b_read" fromId="22" toId="3">
</dataflow>
<dataflow id="24" from="b" to="b_read" fromId="20" toId="3">
</dataflow>
<dataflow id="25" from="_ssdm_op_Read.s_axilite.i32" to="a_read" fromId="22" toId="4">
</dataflow>
<dataflow id="26" from="a" to="a_read" fromId="19" toId="4">
</dataflow>
<dataflow id="27" from="b_read" to="c_assign" fromId="3" toId="5">
</dataflow>
<dataflow id="28" from="a_read" to="c_assign" fromId="4" toId="5">
</dataflow>
<dataflow id="30" from="_ssdm_op_Write.ap_none.i32P" to="stg_6" fromId="29" toId="6">
</dataflow>
<dataflow id="31" from="c" to="stg_6" fromId="21" toId="6">
</dataflow>
<dataflow id="32" from="c_assign" to="stg_6" fromId="5" toId="6">
</dataflow>
<dataflow id="34" from="_ssdm_op_SpecBitsMap" to="stg_7" fromId="33" toId="7">
</dataflow>
<dataflow id="35" from="a" to="stg_7" fromId="19" toId="7">
</dataflow>
<dataflow id="36" from="_ssdm_op_SpecBitsMap" to="stg_8" fromId="33" toId="8">
</dataflow>
<dataflow id="37" from="b" to="stg_8" fromId="20" toId="8">
</dataflow>
<dataflow id="38" from="_ssdm_op_SpecBitsMap" to="stg_9" fromId="33" toId="9">
</dataflow>
<dataflow id="39" from="c" to="stg_9" fromId="21" toId="9">
</dataflow>
<dataflow id="41" from="_ssdm_op_SpecTopModule" to="stg_10" fromId="40" toId="10">
</dataflow>
<dataflow id="43" from="str" to="stg_10" fromId="42" toId="10">
</dataflow>
<dataflow id="45" from="_ssdm_op_SpecInterface" to="stg_11" fromId="44" toId="11">
</dataflow>
<dataflow id="46" from="c" to="stg_11" fromId="21" toId="11">
</dataflow>
<dataflow id="48" from="p_str" to="stg_11" fromId="47" toId="11">
</dataflow>
<dataflow id="50" from="stg_49" to="stg_11" fromId="49" toId="11">
</dataflow>
<dataflow id="51" from="stg_49" to="stg_11" fromId="49" toId="11">
</dataflow>
<dataflow id="53" from="stg_52" to="stg_11" fromId="52" toId="11">
</dataflow>
<dataflow id="54" from="stg_52" to="stg_11" fromId="52" toId="11">
</dataflow>
<dataflow id="56" from="p_str1" to="stg_11" fromId="55" toId="11">
</dataflow>
<dataflow id="57" from="p_str1" to="stg_11" fromId="55" toId="11">
</dataflow>
<dataflow id="58" from="p_str1" to="stg_11" fromId="55" toId="11">
</dataflow>
<dataflow id="59" from="_ssdm_op_SpecInterface" to="stg_12" fromId="44" toId="12">
</dataflow>
<dataflow id="60" from="c" to="stg_12" fromId="21" toId="12">
</dataflow>
<dataflow id="62" from="p_str2" to="stg_12" fromId="61" toId="12">
</dataflow>
<dataflow id="63" from="stg_52" to="stg_12" fromId="52" toId="12">
</dataflow>
<dataflow id="64" from="stg_52" to="stg_12" fromId="52" toId="12">
</dataflow>
<dataflow id="65" from="stg_52" to="stg_12" fromId="52" toId="12">
</dataflow>
<dataflow id="66" from="stg_52" to="stg_12" fromId="52" toId="12">
</dataflow>
<dataflow id="68" from="p_str3" to="stg_12" fromId="67" toId="12">
</dataflow>
<dataflow id="69" from="p_str1" to="stg_12" fromId="55" toId="12">
</dataflow>
<dataflow id="70" from="p_str1" to="stg_12" fromId="55" toId="12">
</dataflow>
<dataflow id="71" from="_ssdm_op_SpecInterface" to="stg_13" fromId="44" toId="13">
</dataflow>
<dataflow id="72" from="b" to="stg_13" fromId="20" toId="13">
</dataflow>
<dataflow id="73" from="p_str2" to="stg_13" fromId="61" toId="13">
</dataflow>
<dataflow id="74" from="stg_52" to="stg_13" fromId="52" toId="13">
</dataflow>
<dataflow id="75" from="stg_52" to="stg_13" fromId="52" toId="13">
</dataflow>
<dataflow id="76" from="stg_52" to="stg_13" fromId="52" toId="13">
</dataflow>
<dataflow id="77" from="stg_52" to="stg_13" fromId="52" toId="13">
</dataflow>
<dataflow id="78" from="p_str3" to="stg_13" fromId="67" toId="13">
</dataflow>
<dataflow id="79" from="p_str1" to="stg_13" fromId="55" toId="13">
</dataflow>
<dataflow id="80" from="p_str1" to="stg_13" fromId="55" toId="13">
</dataflow>
<dataflow id="81" from="_ssdm_op_SpecInterface" to="stg_14" fromId="44" toId="14">
</dataflow>
<dataflow id="82" from="a" to="stg_14" fromId="19" toId="14">
</dataflow>
<dataflow id="83" from="p_str2" to="stg_14" fromId="61" toId="14">
</dataflow>
<dataflow id="84" from="stg_52" to="stg_14" fromId="52" toId="14">
</dataflow>
<dataflow id="85" from="stg_52" to="stg_14" fromId="52" toId="14">
</dataflow>
<dataflow id="86" from="stg_52" to="stg_14" fromId="52" toId="14">
</dataflow>
<dataflow id="87" from="stg_52" to="stg_14" fromId="52" toId="14">
</dataflow>
<dataflow id="88" from="p_str3" to="stg_14" fromId="67" toId="14">
</dataflow>
<dataflow id="89" from="p_str1" to="stg_14" fromId="55" toId="14">
</dataflow>
<dataflow id="90" from="p_str1" to="stg_14" fromId="55" toId="14">
</dataflow>
<dataflow id="91" from="_ssdm_op_SpecInterface" to="stg_15" fromId="44" toId="15">
</dataflow>
<dataflow id="92" from="stg_52" to="stg_15" fromId="52" toId="15">
</dataflow>
<dataflow id="93" from="p_str2" to="stg_15" fromId="61" toId="15">
</dataflow>
<dataflow id="94" from="stg_52" to="stg_15" fromId="52" toId="15">
</dataflow>
<dataflow id="95" from="stg_52" to="stg_15" fromId="52" toId="15">
</dataflow>
<dataflow id="96" from="stg_52" to="stg_15" fromId="52" toId="15">
</dataflow>
<dataflow id="97" from="stg_52" to="stg_15" fromId="52" toId="15">
</dataflow>
<dataflow id="98" from="p_str3" to="stg_15" fromId="67" toId="15">
</dataflow>
<dataflow id="99" from="p_str1" to="stg_15" fromId="55" toId="15">
</dataflow>
<dataflow id="100" from="p_str1" to="stg_15" fromId="55" toId="15">
</dataflow>
<dataflow id="101" from="_ssdm_op_Write.ap_none.i32P" to="stg_16" fromId="29" toId="16">
</dataflow>
<dataflow id="102" from="c" to="stg_16" fromId="21" toId="16">
</dataflow>
<dataflow id="103" from="c_assign" to="stg_16" fromId="5" toId="16">
</dataflow>
</dataflows>


</stg>
